transaction_id,order_id,amount,transaction_date,status
TXN001,ORD001,1250.00,2024-11-02T10:30:00,SUCCESS
TXN002,ORD002,890.50,2024-11-08T14:15:00,SUCCESS
TXN003,ORD003,2100.00,2024-11-15T09:45:00,SUCCESS
TXN004,ORD004,3500.00,2024-12-03T11:20:00,SUCCESS
TXN005,ORD005,2800.00,2024-12-10T16:00:00,SUCCESS
TXN006,ORD006,1900.00,2024-12-15T13:30:00,PENDING
TXN007,ORD007,4500.00,2024-11-05T10:00:00,SUCCESS
TXN008,ORD008,3200.00,2024-11-12T15:30:00,SUCCESS
TXN009,ORD009,2800.00,2024-11-20T11:45:00,SUCCESS
TXN010,ORD010,5100.00,2024-12-02T09:15:00,SUCCESS
TXN011,ORD011,4200.00,2024-12-08T14:00:00,SUCCESS
TXN012,ORD012,750.00,2024-11-03T10:30:00,SUCCESS
TXN013,ORD013,1100.00,2024-11-18T16:20:00,SUCCESS
TXN014,ORD014,950.00,2024-12-05T11:00:00,SUCCESS
TXN015,ORD015,1250.00,2024-12-12T13:45:00,PENDING
TXN016,ORD016,2200.00,2024-11-07T09:30:00,SUCCESS
TXN017,ORD017,1800.00,2024-11-14T14:45:00,SUCCESS
TXN018,ORD019,5800.00,2024-12-04T10:15:00,SUCCESS
TXN019,ORD020,4200.00,2024-12-11T15:30:00,SUCCESS
TXN020,ORD021,6500.00,2024-11-01T11:00:00,SUCCESS
TXN021,ORD022,5800.00,2024-11-10T14:30:00,SUCCESS
TXN022,ORD023,7200.00,2024-11-22T10:45:00,SUCCESS
TXN023,ORD024,6800.00,2024-12-01T09:00:00,SUCCESS
TXN024,ORD025,7500.00,2024-12-09T16:15:00,SUCCESS
TXN025,ORD026,5200.00,2024-12-16T11:30:00,PENDING
TXN026,ORD027,420.00,2024-11-06T10:00:00,SUCCESS
TXN027,ORD028,580.00,2024-11-19T13:45:00,SUCCESS
TXN028,ORD029,1200.00,2024-12-03T09:30:00,SUCCESS
TXN029,ORD030,950.00,2024-12-10T14:15:00,SUCCESS
TXN030,ORD031,780.00,2024-12-14T11:00:00,SUCCESS
TXN031,ORD032,1800.00,2024-11-04T10:30:00,SUCCESS
TXN032,ORD033,2200.00,2024-11-11T15:00:00,SUCCESS
TXN033,ORD034,1500.00,2024-11-21T09:45:00,SUCCESS
TXN034,ORD035,2400.00,2024-12-02T14:30:00,SUCCESS
TXN035,ORD036,1900.00,2024-12-13T10:15:00,SUCCESS
TXN036,ORD037,3100.00,2024-11-02T11:30:00,SUCCESS
TXN037,ORD038,2700.00,2024-11-09T16:00:00,SUCCESS
TXN038,ORD039,3400.00,2024-11-16T10:45:00,SUCCESS
TXN039,ORD041,3800.00,2024-12-05T14:00:00,SUCCESS
TXN040,ORD042,4100.00,2024-12-12T09:30:00,SUCCESS
TXN041,ORD043,650.00,2024-11-08T11:15:00,SUCCESS
TXN042,ORD044,820.00,2024-11-23T15:45:00,SUCCESS
TXN043,ORD045,1100.00,2024-12-06T10:00:00,SUCCESS
TXN044,ORD046,980.00,2024-12-11T14:30:00,SUCCESS
TXN045,ORD047,750.00,2024-12-15T09:45:00,PENDING
TXN046,ORD048,4200.00,2024-11-05T11:00:00,SUCCESS
TXN047,ORD049,3800.00,2024-11-15T15:30:00,SUCCESS
TXN048,ORD050,4500.00,2024-11-26T10:15:00,SUCCESS
TXN049,ORD051,4100.00,2024-12-04T14:45:00,SUCCESS
TXN050,ORD052,4600.00,2024-12-10T09:00:00,SUCCESS
TXN051,ORD001,100.00,2024-11-03T10:00:00,FAILED
TXN052,ORD007,4500.00,2024-11-05T09:00:00,FAILED
TXN053,ORD007,4500.00,2024-11-05T09:30:00,SUCCESS
TXN054,ORD019,5800.00,2024-12-04T09:45:00,FAILED
TXN055,ORD029,600.00,2024-12-03T09:00:00,SUCCESS
TXN056,ORD029,600.00,2024-12-03T09:15:00,SUCCESS
TXN057,ORD037,1550.00,2024-11-02T11:00:00,SUCCESS
TXN058,ORD037,1550.00,2024-11-02T11:15:00,SUCCESS
TXN059,ORD048,2100.00,2024-11-05T10:30:00,SUCCESS
TXN060,ORD048,2100.00,2024-11-05T10:45:00,SUCCESS
TXN061,ORD010,2550.00,2024-12-02T09:00:00,SUCCESS
TXN062,ORD010,2550.00,2024-12-02T09:05:00,SUCCESS
TXN063,ORD024,3400.00,2024-12-01T08:45:00,SUCCESS
TXN064,ORD024,3400.00,2024-12-01T08:50:00,SUCCESS
TXN065,ORD032,900.00,2024-11-04T10:15:00,SUCCESS
TXN066,ORD032,900.00,2024-11-04T10:20:00,SUCCESS
TXN067,ORD041,1900.00,2024-12-05T13:45:00,SUCCESS
TXN068,ORD041,1900.00,2024-12-05T13:50:00,SUCCESS
TXN069,ORD050,2250.00,2024-11-26T10:00:00,SUCCESS
TXN070,ORD050,2250.00,2024-11-26T10:05:00,SUCCESS
TXN071,ORD016,1100.00,2024-11-07T09:15:00,SUCCESS
TXN072,ORD016,1100.00,2024-11-07T09:20:00,SUCCESS
TXN073,ORD022,2900.00,2024-11-10T14:15:00,SUCCESS
TXN074,ORD022,2900.00,2024-11-10T14:20:00,SUCCESS
TXN075,ORD035,1200.00,2024-12-02T14:15:00,SUCCESS
TXN076,ORD035,1200.00,2024-12-02T14:20:00,SUCCESS
TXN077,ORD043,325.00,2024-11-08T11:00:00,SUCCESS
TXN078,ORD043,325.00,2024-11-08T11:05:00,SUCCESS
TXN079,ORD051,2050.00,2024-12-04T14:30:00,SUCCESS
TXN080,ORD051,2050.00,2024-12-04T14:35:00,SUCCESS
TXN081,ORD008,1600.00,2024-11-12T15:15:00,SUCCESS
TXN082,ORD008,1600.00,2024-11-12T15:20:00,SUCCESS
TXN083,ORD017,900.00,2024-11-14T14:30:00,SUCCESS
TXN084,ORD017,900.00,2024-11-14T14:35:00,SUCCESS
TXN085,ORD028,290.00,2024-11-19T13:30:00,SUCCESS
TXN086,ORD028,290.00,2024-11-19T13:35:00,SUCCESS
TXN087,ORD034,750.00,2024-11-21T09:30:00,SUCCESS
TXN088,ORD034,750.00,2024-11-21T09:35:00,SUCCESS
TXN089,ORD039,1700.00,2024-11-16T10:30:00,SUCCESS
TXN090,ORD039,1700.00,2024-11-16T10:35:00,SUCCESS
TXN091,ORD044,410.00,2024-11-23T15:30:00,SUCCESS
TXN092,ORD044,410.00,2024-11-23T15:35:00,SUCCESS
TXN093,ORD049,1900.00,2024-11-15T15:15:00,SUCCESS
TXN094,ORD049,1900.00,2024-11-15T15:20:00,SUCCESS
TXN095,ORD003,1050.00,2024-11-15T09:30:00,SUCCESS
TXN096,ORD003,1050.00,2024-11-15T09:35:00,SUCCESS
TXN097,ORD011,2100.00,2024-12-08T13:45:00,SUCCESS
TXN098,ORD011,2100.00,2024-12-08T13:50:00,SUCCESS
TXN099,ORD020,2100.00,2024-12-11T15:15:00,SUCCESS
TXN100,ORD020,2100.00,2024-12-11T15:20:00,SUCCESS
